{
    "total_runtime": 159.6539535522461,
    "num_documents": 1,
    "input_load_time": 0,
    "workflows": {
        "create_base_text_units": {
            "overall": 0.1876051425933838,
            "0_orderby": 0.0019996166229248047,
            "1_zip": 0.0026018619537353516,
            "2_aggregate_override": 0.0039026737213134766,
            "3_chunk": 0.11722111701965332,
            "4_select": 0.003000497817993164,
            "5_unroll": 0.007504940032958984,
            "6_rename": 0.0030002593994140625,
            "7_genid": 0.0033283233642578125,
            "8_unzip": 0.003000020980834961,
            "9_copy": 0.0029997825622558594,
            "10_filter": 0.03704571723937988
        },
        "create_base_extracted_entities": {
            "overall": 88.51595973968506,
            "0_entity_extract": 88.50325441360474,
            "1_merge_graphs": 0.010617733001708984
        },
        "create_summarized_entities": {
            "overall": 12.962114095687866,
            "0_summarize_descriptions": 12.954583406448364
        },
        "create_base_entity_graph": {
            "overall": 0.029532432556152344,
            "0_cluster_graph": 0.019394636154174805,
            "1_select": 0.0049896240234375
        },
        "create_final_entities": {
            "overall": 0.891472578048706,
            "0_unpack_graph": 0.008339881896972656,
            "1_rename": 0.005076885223388672,
            "2_select": 0.005929708480834961,
            "3_dedupe": 0.010591268539428711,
            "4_rename": 0.004912376403808594,
            "5_filter": 0.016298532485961914,
            "6_text_split": 0.006424427032470703,
            "7_drop": 0.006929636001586914,
            "8_merge": 0.017191410064697266,
            "9_text_embed": 0.7834439277648926,
            "10_drop": 0.006652116775512695,
            "11_filter": 0.01372671127319336
        },
        "create_final_nodes": {
            "overall": 0.14036035537719727,
            "0_layout_graph": 0.017458200454711914,
            "1_unpack_graph": 0.00982046127319336,
            "2_unpack_graph": 0.010537385940551758,
            "3_filter": 0.01899242401123047,
            "4_drop": 0.00700068473815918,
            "5_select": 0.009547710418701172,
            "6_rename": 0.007394552230834961,
            "7_convert": 0.030382871627807617,
            "8_join": 0.013203620910644531,
            "9_rename": 0.009067296981811523
        },
        "create_final_communities": {
            "overall": 0.2341759204864502,
            "0_unpack_graph": 0.019569873809814453,
            "1_unpack_graph": 0.010525226593017578,
            "2_aggregate_override": 0.01463770866394043,
            "3_join": 0.012509822845458984,
            "4_join": 0.012710332870483398,
            "5_concat": 0.009508848190307617,
            "6_filter": 0.024071693420410156,
            "7_aggregate_override": 0.010712146759033203,
            "8_join": 0.01820087432861328,
            "9_filter": 0.028792142868041992,
            "10_fill": 0.01729297637939453,
            "11_merge": 0.013514995574951172,
            "12_copy": 0.02100086212158203,
            "13_select": 0.010612726211547852
        },
        "join_text_units_to_entity_ids": {
            "overall": 0.04263162612915039,
            "0_select": 0.009802579879760742,
            "1_unroll": 0.010505437850952148,
            "2_aggregate_override": 0.01378774642944336
        },
        "create_final_relationships": {
            "overall": 0.17376470565795898,
            "0_unpack_graph": 0.01265406608581543,
            "1_filter": 0.02555370330810547,
            "2_rename": 0.017393112182617188,
            "3_filter": 0.03408336639404297,
            "4_drop": 0.01385188102722168,
            "5_compute_edge_combined_degree": 0.015645980834960938,
            "6_convert": 0.02757740020751953,
            "7_convert": 0.0174100399017334
        },
        "join_text_units_to_relationship_ids": {
            "overall": 0.08213949203491211,
            "0_select": 0.021496057510375977,
            "1_unroll": 0.018015384674072266,
            "2_aggregate_override": 0.016902685165405273,
            "3_select": 0.014802694320678711
        },
        "create_final_community_reports": {
            "overall": 53.58472537994385,
            "0_prepare_community_reports_nodes": 0.017272472381591797,
            "1_prepare_community_reports_edges": 0.015102148056030273,
            "2_restore_community_hierarchy": 0.01803731918334961,
            "3_prepare_community_reports": 0.04273509979248047,
            "4_create_community_reports": 53.466511249542236,
            "5_window": 0.011172294616699219
        },
        "create_final_text_units": {
            "overall": 0.10915946960449219,
            "0_select": 0.01137232780456543,
            "1_rename": 0.013014793395996094,
            "2_join": 0.0166473388671875,
            "3_join": 0.01819014549255371,
            "4_aggregate_override": 0.01708388328552246,
            "5_select": 0.016034364700317383
        },
        "create_base_documents": {
            "overall": 0.17189884185791016,
            "0_unroll": 0.014470100402832031,
            "1_select": 0.014816045761108398,
            "2_rename": 0.01750469207763672,
            "3_join": 0.020223379135131836,
            "4_aggregate_override": 0.018345355987548828,
            "5_join": 0.02046513557434082,
            "6_rename": 0.016594886779785156,
            "7_convert": 0.035971641540527344
        },
        "create_final_documents": {
            "overall": 0.03148317337036133,
            "0_rename": 0.017790794372558594
        }
    }
}